{
    "type": "FeatureCollection",
    "features": [
        {
            "type": "Feature",
            "geometry": {
                "type": "Point",
                "coordinates": [
                    "-8.702531396912441",
                    "42.39288671530106"
                ]
            },
            "properties": {
                "name": "Festas do Carme Marín",
                "location": "Marín",
                "link": "https://www.gzmusica.com/axenda/eventdetail/28176/-/festas-do-carme-marin.html",
                "dates": [
                    "Wednesday 16 Jul"
                ]
            }
        },
        {
            "type": "Feature",
            "geometry": {
                "type": "Point",
                "coordinates": [
                    "-7.852055239551432",
                    "43.451370993986984"
                ]
            },
            "properties": {
                "name": "Festas do Carme e da Fraga",
                "location": "As Pontes",
                "link": "https://www.gzmusica.com/axenda/eventdetail/28288/-/festas-do-carme-e-da-fraga.html",
                "dates": [
                    "Wednesday 16 Jul",
                    "Thursday 17 Jul",
                    "Friday 18 Jul",
                    "Saturday 19 Jul",
                    "Sunday 20 Jul",
                    "Monday 21 Jul",
                    "Tuesday 22 Jul",
                    "Wednesday 23 Jul",
                    "Thursday 24 Jul",
                    "Friday 25 Jul"
                ]
            }
        },
        {
            "type": "Feature",
            "geometry": {
                "type": "Point",
                "coordinates": [
                    "-2.684724342812135",
                    "42.85818420134291"
                ]
            },
            "properties": {
                "name": "Sumrrá",
                "location": "Vitoria-Gasteiz, Araba (Euskal Herria)",
                "link": "https://www.gzmusica.com/axenda/eventdetail/28329/-/sumrra.html",
                "dates": [
                    "Wednesday 16 Jul"
                ]
            }
        },
        {
            "type": "Feature",
            "geometry": {
                "type": "Point",
                "coordinates": [
                    "-8.816183000628069",
                    "42.649532953425094"
                ]
            },
            "properties": {
                "name": "Mediarea",
                "location": "Rianxo",
                "link": "https://www.gzmusica.com/axenda/eventdetail/28300/-/mediarea.html",
                "dates": [
                    "Wednesday 16 Jul"
                ]
            }
        },
        {
            "type": "Feature",
            "geometry": {
                "type": "Point",
                "coordinates": [
                    "1.4587183138759179",
                    "41.401392906212294"
                ]
            },
            "properties": {
                "name": "Festas do Verán",
                "location": "Taragoña (Rainxo)",
                "link": "https://www.gzmusica.com/axenda/eventdetail/28334/-/festas-do-veran.html",
                "dates": [
                    "Thursday 17 Jul",
                    "Friday 18 Jul",
                    "Saturday 19 Jul",
                    "Sunday 20 Jul"
                ]
            }
        },
        {
            "type": "Feature",
            "geometry": {
                "type": "Point",
                "coordinates": [
                    "-8.723335032387109",
                    "42.23872947895585"
                ]
            },
            "properties": {
                "name": "Orquestra Bravú Xangai",
                "location": "Vigo",
                "link": "https://www.gzmusica.com/axenda/eventdetail/28286/-/orquestra-bravu-xangai.html",
                "dates": [
                    "Thursday 17 Jul"
                ]
            }
        },
        {
            "type": "Feature",
            "geometry": {
                "type": "Point",
                "coordinates": [
                    "-8.545989180123096",
                    "43.08876187332385"
                ]
            },
            "properties": {
                "name": "Pakolas",
                "location": "Tordoia",
                "link": "https://www.gzmusica.com/axenda/eventdetail/28252/-/pakolas.html",
                "dates": [
                    "Thursday 17 Jul",
                    "Sunday 20 Jul",
                    "Tuesday 22 Jul",
                    "Friday 25 Jul",
                    "Sunday 27 Jul",
                    "Thursday 31 Jul"
                ]
            }
        },
        {
            "type": "Feature",
            "geometry": {
                "type": "Point",
                "coordinates": [
                    "-8.824904701050416",
                    "42.56231568883899"
                ]
            },
            "properties": {
                "name": "Noite",
                "location": "Vilanova de Arousa",
                "link": "https://www.gzmusica.com/axenda/eventdetail/28200/-/noite.html",
                "dates": [
                    "Thursday 17 Jul"
                ]
            }
        },
        {
            "type": "Feature",
            "geometry": {
                "type": "Point",
                "coordinates": [
                    "-8.971156983993497",
                    "43.187957790816746"
                ]
            },
            "properties": {
                "name": "Xabier Díaz",
                "location": "Dombate, Borneuiro (Cabana de Bergantiños)",
                "link": "https://www.gzmusica.com/axenda/eventdetail/28320/-/xabier-diaz.html",
                "dates": [
                    "Thursday 17 Jul"
                ]
            }
        },
        {
            "type": "Feature",
            "geometry": {
                "type": "Point",
                "coordinates": [
                    "-8.515498793009414",
                    "42.189942751894634"
                ]
            },
            "properties": {
                "name": "Arcanxo Festival",
                "location": "A Freixa, Ribadetea (Ponteareas)",
                "link": "https://www.gzmusica.com/axenda/eventdetail/28117/-/arcanxo-festival.html",
                "dates": [
                    "Friday 18 Jul",
                    "Saturday 19 Jul",
                    "Sunday 20 Jul"
                ]
            }
        },
        {
            "type": "Feature",
            "geometry": {
                "type": "Point",
                "coordinates": [
                    "-6.979789110109884",
                    "42.405326447878345"
                ]
            },
            "properties": {
                "name": "Birra e Rock Fest",
                "location": "Viloira (O Barco de Valdeorras)",
                "link": "https://www.gzmusica.com/axenda/eventdetail/28124/-/birra-e-rock-fest.html",
                "dates": [
                    "Friday 18 Jul",
                    "Saturday 19 Jul"
                ]
            }
        },
        {
            "type": "Feature",
            "geometry": {
                "type": "Point",
                "coordinates": [
                    "-9.012415769021455",
                    "42.58242571083404"
                ]
            },
            "properties": {
                "name": "Festival Rock & Dorna",
                "location": "Ribeira",
                "link": "https://www.gzmusica.com/axenda/eventdetail/28242/-/festival-rock-dorna.html",
                "dates": [
                    "Friday 18 Jul",
                    "Saturday 19 Jul",
                    "Sunday 20 Jul",
                    "Monday 21 Jul",
                    "Tuesday 22 Jul",
                    "Wednesday 23 Jul",
                    "Thursday 24 Jul"
                ]
            }
        },
        {
            "type": "Feature",
            "geometry": {
                "type": "Point",
                "coordinates": [
                    "-8.679803736468596",
                    "42.19731485194092"
                ]
            },
            "properties": {
                "name": "IV Festival de Verán",
                "location": "Bembrive (Vigo)",
                "link": "https://www.gzmusica.com/axenda/eventdetail/28340/-/iv-festival-de-veran.html",
                "dates": [
                    "Friday 18 Jul",
                    "Saturday 19 Jul",
                    "Sunday 20 Jul",
                    "Monday 21 Jul"
                ]
            }
        },
        {
            "type": "Feature",
            "geometry": {
                "type": "Point",
                "coordinates": [
                    "-8.734885049901484",
                    "42.28276525967106"
                ]
            },
            "properties": {
                "name": "Terra Festival",
                "location": "Moaña",
                "link": "https://www.gzmusica.com/axenda/eventdetail/28292/-/terra-festival.html",
                "dates": [
                    "Friday 18 Jul"
                ]
            }
        },
        {
            "type": "Feature",
            "geometry": {
                "type": "Point",
                "coordinates": [
                    "-7.674296294688133",
                    "43.58302266301574"
                ]
            },
            "properties": {
                "name": "XIII Festival Aturuxo",
                "location": "Bravos  (Ourol)",
                "link": "https://www.gzmusica.com/axenda/eventdetail/28133/-/xiii-festival-aturuxo.html",
                "dates": [
                    "Friday 18 Jul",
                    "Saturday 19 Jul"
                ]
            }
        },
        {
            "type": "Feature",
            "geometry": {
                "type": "Point",
                "coordinates": [
                    "-8.854072299412437",
                    "41.946153838051266"
                ]
            },
            "properties": {
                "name": "XXXIII Feira do Viño do Rosal",
                "location": "O Calvrario, O Rosal (O Rosal)",
                "link": "https://www.gzmusica.com/axenda/eventdetail/28270/-/xxxiii-feira-do-vino-do-rosal.html",
                "dates": [
                    "Friday 18 Jul",
                    "Saturday 19 Jul",
                    "Sunday 20 Jul"
                ]
            }
        },
        {
            "type": "Feature",
            "geometry": {
                "type": "Point",
                "coordinates": [
                    "-8.816183447047147",
                    "42.266932534932884"
                ]
            },
            "properties": {
                "name": "Os Gorrillas",
                "location": "Liméns, O Hío (Cangas)",
                "link": "https://www.gzmusica.com/axenda/eventdetail/28277/-/os-gorrillas.html",
                "dates": [
                    "Friday 18 Jul"
                ]
            }
        },
        {
            "type": "Feature",
            "geometry": {
                "type": "Point",
                "coordinates": [
                    "-8.55638371367282",
                    "42.10329289730497"
                ]
            },
            "properties": {
                "name": "X Vaia Cristo",
                "location": "Salceda de Caselas",
                "link": "https://www.gzmusica.com/axenda/eventdetail/28074/-/x-vaia-cristo.html",
                "dates": [
                    "Friday 18 Jul"
                ]
            }
        },
        {
            "type": "Feature",
            "geometry": {
                "type": "Point",
                "coordinates": [
                    "-8.556483156086106",
                    "42.10327484764312"
                ]
            },
            "properties": {
                "name": "Dakidarría",
                "location": "Salceda de Caselas",
                "link": "https://www.gzmusica.com/axenda/eventdetail/28207/-/dakidarria.html",
                "dates": [
                    "Saturday 19 Jul"
                ]
            }
        },
        {
            "type": "Feature",
            "geometry": {
                "type": "Point",
                "coordinates": [
                    "-7.439290247959688",
                    "41.94096612403909"
                ]
            },
            "properties": {
                "name": "Extruga Festival",
                "location": "Verín",
                "link": "https://www.gzmusica.com/axenda/eventdetail/28134/-/extruga-festival.html",
                "dates": [
                    "Saturday 19 Jul"
                ]
            }
        },
        {
            "type": "Feature",
            "geometry": {
                "type": "Point",
                "coordinates": [
                    "-8.785424340281182",
                    "42.58994416877606"
                ]
            },
            "properties": {
                "name": "Festas do Carme Vilaxoán",
                "location": "Vilaxoán, Sobrán (Vilagarcía de Arousa)",
                "link": "https://www.gzmusica.com/axenda/eventdetail/28338/-/festas-do-carme-vilaxoan.html",
                "dates": [
                    "Saturday 19 Jul",
                    "Sunday 20 Jul",
                    "Monday 21 Jul"
                ]
            }
        },
        {
            "type": "Feature",
            "geometry": {
                "type": "Point",
                "coordinates": [
                    "-8.732251883875144",
                    "41.97904781368539"
                ]
            },
            "properties": {
                "name": "Pakolas e Laura Romero",
                "location": "Forcadela (Tomiño)",
                "link": "https://www.gzmusica.com/axenda/eventdetail/28253/-/pakolas-e-laura-romero.html",
                "dates": [
                    "Saturday 19 Jul"
                ]
            }
        },
        {
            "type": "Feature",
            "geometry": {
                "type": "Point",
                "coordinates": [
                    "-7.44984327543656",
                    "41.95873995750408"
                ]
            },
            "properties": {
                "name": "Serán da Pousa",
                "location": "A Pousa, Monterrei (Monterrei)",
                "link": "https://www.gzmusica.com/axenda/eventdetail/28318/-/seran-da-pousa.html",
                "dates": [
                    "Saturday 19 Jul"
                ]
            }
        },
        {
            "type": "Feature",
            "geometry": {
                "type": "Point",
                "coordinates": [
                    "-8.794919566197748",
                    "42.19174505993523"
                ]
            },
            "properties": {
                "name": "Storrentos",
                "location": "Os Liñares, Oia (Vigo)",
                "link": "https://www.gzmusica.com/axenda/eventdetail/28333/-/storrentos.html",
                "dates": [
                    "Saturday 19 Jul",
                    "Sunday 20 Jul"
                ]
            }
        },
        {
            "type": "Feature",
            "geometry": {
                "type": "Point",
                "coordinates": [
                    "-8.395161746729693",
                    "43.372961333912315"
                ]
            },
            "properties": {
                "name": "Daniel Casares Trío",
                "location": "A Coruña",
                "link": "https://www.gzmusica.com/axenda/eventdetail/28195/-/daniel-casares-trio.html",
                "dates": [
                    "Saturday 19 Jul"
                ]
            }
        },
        {
            "type": "Feature",
            "geometry": {
                "type": "Point",
                "coordinates": [
                    "-8.826407457213499",
                    "42.56330944639462"
                ]
            },
            "properties": {
                "name": "Dani Barreiro",
                "location": "Vilanova de Arousa",
                "link": "https://www.gzmusica.com/axenda/eventdetail/28201/-/dani-barreiro.html",
                "dates": [
                    "Sunday 20 Jul"
                ]
            }
        },
        {
            "type": "Feature",
            "geometry": {
                "type": "Point",
                "coordinates": [
                    "-8.619072074600941",
                    "42.223909317189445"
                ]
            },
            "properties": {
                "name": "Festas de Guizán",
                "location": "Guizán (Mos)",
                "link": "https://www.gzmusica.com/axenda/eventdetail/28339/-/festas-de-guizan.html",
                "dates": [
                    "Thursday 24 Jul",
                    "Friday 25 Jul",
                    "Saturday 26 Jul"
                ]
            }
        },
        {
            "type": "Feature",
            "geometry": {
                "type": "Point",
                "coordinates": [
                    "-8.544057984912808",
                    "42.882030588125055"
                ]
            },
            "properties": {
                "name": "Festigal",
                "location": "Santiago de Compostela",
                "link": "https://www.gzmusica.com/axenda/eventdetail/27986/-/festigal.html",
                "dates": [
                    "Thursday 24 Jul",
                    "Friday 25 Jul"
                ]
            }
        },
        {
            "type": "Feature",
            "geometry": {
                "type": "Point",
                "coordinates": [
                    "-8.816911864181419",
                    "42.649253956473274"
                ]
            },
            "properties": {
                "name": "Nelson Quinteiro",
                "location": "Rianxo",
                "link": "https://www.gzmusica.com/axenda/eventdetail/28301/-/nelson-quinteiro.html",
                "dates": [
                    "Thursday 24 Jul"
                ]
            }
        },
        {
            "type": "Feature",
            "geometry": {
                "type": "Point",
                "coordinates": [
                    "-8.816027152521267",
                    "42.649388159717184"
                ]
            },
            "properties": {
                "name": "Abril + Familia Caamagno",
                "location": "Rianxo",
                "link": "https://www.gzmusica.com/axenda/eventdetail/28302/-/abril-familia-caamagno.html",
                "dates": [
                    "Thursday 24 Jul"
                ]
            }
        },
        {
            "type": "Feature",
            "geometry": {
                "type": "Point",
                "coordinates": [
                    "-8.735467371088484",
                    "42.28290622381983"
                ]
            },
            "properties": {
                "name": "41 Festival Intercéltico de Moaña",
                "location": "Moaña",
                "link": "https://www.gzmusica.com/axenda/eventdetail/27207/-/41-festival-interceltico-de-moana.html",
                "dates": [
                    "Friday 25 Jul",
                    "Saturday 26 Jul"
                ]
            }
        },
        {
            "type": "Feature",
            "geometry": {
                "type": "Point",
                "coordinates": [
                    "-7.638955747108985",
                    "43.72065623647707"
                ]
            },
            "properties": {
                "name": "VIII Romaxe Viquinga",
                "location": "San Román (O Vicedo)",
                "link": "https://www.gzmusica.com/axenda/eventdetail/28098/-/viii-romaxe-viquinga.html",
                "dates": [
                    "Friday 25 Jul",
                    "Saturday 26 Jul"
                ]
            }
        },
        {
            "type": "Feature",
            "geometry": {
                "type": "Point",
                "coordinates": [
                    "-7.0435758270488105",
                    "43.53695315022372"
                ]
            },
            "properties": {
                "name": "Vendaval Fest",
                "location": "Ribadeo",
                "link": "https://www.gzmusica.com/axenda/eventdetail/27684/-/vendaval-fest.html",
                "dates": [
                    "Friday 25 Jul",
                    "Saturday 26 Jul"
                ]
            }
        },
        {
            "type": "Feature",
            "geometry": {
                "type": "Point",
                "coordinates": [
                    "-8.77792116628042",
                    "42.265113565312"
                ]
            },
            "properties": {
                "name": "XIV Kanekas Metal Fest",
                "location": "Cangas",
                "link": "https://www.gzmusica.com/axenda/eventdetail/27513/-/xiv-kanekas-metal-fest.html",
                "dates": [
                    "Friday 25 Jul",
                    "Saturday 26 Jul"
                ]
            }
        },
        {
            "type": "Feature",
            "geometry": {
                "type": "Point",
                "coordinates": [
                    "-8.724033916614934",
                    "42.23912404477223"
                ]
            },
            "properties": {
                "name": "Moon Cresta",
                "location": "Vigo",
                "link": "https://www.gzmusica.com/axenda/eventdetail/28276/-/moon-cresta.html",
                "dates": [
                    "Friday 25 Jul"
                ]
            }
        },
        {
            "type": "Feature",
            "geometry": {
                "type": "Point",
                "coordinates": [
                    "-8.853433328734983",
                    "41.945845680516676"
                ]
            },
            "properties": {
                "name": "Amdor Fest",
                "location": "O Calvrario, O Rosal (O Rosal)",
                "link": "https://www.gzmusica.com/axenda/eventdetail/28236/-/amdor-fest.html",
                "dates": [
                    "Friday 25 Jul"
                ]
            }
        },
        {
            "type": "Feature",
            "geometry": {
                "type": "Point",
                "coordinates": [
                    "-7.950274547341873",
                    "43.00860352383706"
                ]
            },
            "properties": {
                "name": "MJ Pérez e Crua",
                "location": "A Gramela, Visma (A Coruña)",
                "link": "https://www.gzmusica.com/axenda/eventdetail/28267/-/mj-perez-e-crua.html",
                "dates": [
                    "Saturday 26 Jul"
                ]
            }
        },
        {
            "type": "Feature",
            "geometry": {
                "type": "Point",
                "coordinates": [
                    "-7.792712577609634",
                    "42.08879532001338"
                ]
            },
            "properties": {
                "name": "XI Aniversario A Arca da Noe",
                "location": "Vilar de Santos",
                "link": "https://www.gzmusica.com/axenda/eventdetail/28181/-/xi-aniversario-a-arca-da-noe.html",
                "dates": [
                    "Saturday 26 Jul"
                ]
            }
        },
        {
            "type": "Feature",
            "geometry": {
                "type": "Point",
                "coordinates": [
                    "-8.285250186445177",
                    "42.84909003945698"
                ]
            },
            "properties": {
                "name": "Folk in Río",
                "location": "Touro",
                "link": "https://www.gzmusica.com/axenda/eventdetail/28118/-/folk-in-rio.html",
                "dates": [
                    "Sunday 27 Jul"
                ]
            }
        },
        {
            "type": "Feature",
            "geometry": {
                "type": "Point",
                "coordinates": [
                    "-8.816006265852174",
                    "42.65082847324406"
                ]
            },
            "properties": {
                "name": "Festival Noites de Jazz",
                "location": "Rianxo",
                "link": "https://www.gzmusica.com/axenda/eventdetail/28303/-/festival-noites-de-jazz.html",
                "dates": [
                    "Tuesday 29 Jul",
                    "Wednesday 30 Jul",
                    "Thursday 31 Jul",
                    "Friday 01 Aug"
                ]
            }
        },
        {
            "type": "Feature",
            "geometry": {
                "type": "Point",
                "coordinates": [
                    "-8.642961075591904",
                    "42.43353828161039"
                ]
            },
            "properties": {
                "name": "Con Voz de Muller",
                "location": "Pontevedra",
                "link": "https://www.gzmusica.com/axenda/eventdetail/28296/-/con-voz-de-muller.html",
                "dates": [
                    "Wednesday 30 Jul",
                    "Thursday 31 Jul",
                    "Friday 01 Aug",
                    "Saturday 02 Aug",
                    "Sunday 03 Aug"
                ]
            }
        },
        {
            "type": "Feature",
            "geometry": {
                "type": "Point",
                "coordinates": [
                    "-8.191034605754096",
                    "43.43756661517673"
                ]
            },
            "properties": {
                "name": "Felicia Pop",
                "location": "Limodre (Fene)",
                "link": "https://www.gzmusica.com/axenda/eventdetail/27985/-/felicia-pop.html",
                "dates": [
                    "Thursday 31 Jul",
                    "Friday 01 Aug",
                    "Saturday 02 Aug"
                ]
            }
        },
        {
            "type": "Feature",
            "geometry": {
                "type": "Point",
                "coordinates": [
                    "-8.570197242067168",
                    "42.47544936507086"
                ]
            },
            "properties": {
                "name": "Festixeve",
                "location": "Fragoso, Xeve (Pontevedra)",
                "link": "https://www.gzmusica.com/axenda/eventdetail/28295/-/festixeve.html",
                "dates": [
                    "Thursday 31 Jul",
                    "Friday 01 Aug",
                    "Saturday 02 Aug",
                    "Sunday 03 Aug"
                ]
            }
        },
        {
            "type": "Feature",
            "geometry": {
                "type": "Point",
                "coordinates": [
                    "-8.345380805448418",
                    "43.3371975906929"
                ]
            },
            "properties": {
                "name": "Bestas",
                "location": "O Porto de Santa Curz, Liáns (Oleiros)",
                "link": "https://www.gzmusica.com/axenda/eventdetail/28234/-/bestas.html",
                "dates": [
                    "Thursday 31 Jul"
                ]
            }
        },
        {
            "type": "Feature",
            "geometry": {
                "type": "Point",
                "coordinates": [
                    "-8.172431794884297",
                    "43.47391617811593"
                ]
            },
            "properties": {
                "name": "Perla Mural Fest",
                "location": "Perlío (Fene)",
                "link": "https://www.gzmusica.com/axenda/eventdetail/28331/-/perla-mural-fest.html",
                "dates": [
                    "Friday 01 Aug",
                    "Saturday 02 Aug",
                    "Sunday 03 Aug"
                ]
            }
        },
        {
            "type": "Feature",
            "geometry": {
                "type": "Point",
                "coordinates": [
                    "-7.916826737372779",
                    "43.192047300254494"
                ]
            },
            "properties": {
                "name": "XLVI Festival de Pardiñas",
                "location": "Pardiñas (Guitiriz)",
                "link": "https://www.gzmusica.com/axenda/eventdetail/28114/-/xlvi-festival-de-pardinas.html",
                "dates": [
                    "Friday 01 Aug",
                    "Saturday 02 Aug",
                    "Sunday 03 Aug"
                ]
            }
        },
        {
            "type": "Feature",
            "geometry": {
                "type": "Point",
                "coordinates": [
                    "-8.577069741303504",
                    "42.84531779634172"
                ]
            },
            "properties": {
                "name": "Millarock",
                "location": "O Milladoiro, Biduído (Ames)",
                "link": "https://www.gzmusica.com/axenda/eventdetail/28231/-/millarock.html",
                "dates": [
                    "Friday 01 Aug"
                ]
            }
        },
        {
            "type": "Feature",
            "geometry": {
                "type": "Point",
                "coordinates": [
                    "-8.092736467996197",
                    "42.19081757833817"
                ]
            },
            "properties": {
                "name": "Abraham Cupeiro",
                "location": "Sobrado",
                "link": "https://www.gzmusica.com/axenda/eventdetail/28244/-/abraham-cupeiro.html",
                "dates": [
                    "Friday 01 Aug",
                    "Friday 01 Aug"
                ]
            }
        },
        {
            "type": "Feature",
            "geometry": {
                "type": "Point",
                "coordinates": [
                    "-8.766753063050244",
                    "42.22078670138548"
                ]
            },
            "properties": {
                "name": "Nadie González",
                "location": "Alcabre (vigo)",
                "link": "https://www.gzmusica.com/axenda/eventdetail/28307/-/nadie-gonzalez.html",
                "dates": [
                    "Friday 01 Aug"
                ]
            }
        },
        {
            "type": "Feature",
            "geometry": {
                "type": "Point",
                "coordinates": [
                    "-8.734051952799817",
                    "42.91221856083946"
                ]
            },
            "properties": {
                "name": "Nicrarock",
                "location": "Negreira",
                "link": "https://www.gzmusica.com/axenda/eventdetail/28297/-/nicrarock.html",
                "dates": [
                    "Friday 01 Aug"
                ]
            }
        },
        {
            "type": "Feature",
            "geometry": {
                "type": "Point",
                "coordinates": [
                    "-7.501448552650477",
                    "42.275523857219405"
                ]
            },
            "properties": {
                "name": "Xabier Díaz & Adufeiras de Salitre",
                "location": "Montederramo",
                "link": "https://www.gzmusica.com/axenda/eventdetail/27882/-/xabier-diaz-adufeiras-de-salitre.html",
                "dates": [
                    "Saturday 02 Aug"
                ]
            }
        },
        {
            "type": "Feature",
            "geometry": {
                "type": "Point",
                "coordinates": [
                    "-8.74460493502518",
                    "42.0497718517704"
                ]
            },
            "properties": {
                "name": "Xente Tóxica + Pink Porris + Pixay",
                "location": "Tebra (Tomiño)",
                "link": "https://www.gzmusica.com/axenda/eventdetail/28271/-/xente-toxica-pink-porris-pixay.html",
                "dates": [
                    "Saturday 02 Aug"
                ]
            }
        },
        {
            "type": "Feature",
            "geometry": {
                "type": "Point",
                "coordinates": [
                    "-8.87263163641605",
                    "41.90296474712301"
                ]
            },
            "properties": {
                "name": "Festas do Monte",
                "location": "A Guarda",
                "link": "https://www.gzmusica.com/axenda/eventdetail/28177/-/festas-do-monte.html",
                "dates": [
                    "Monday 04 Aug",
                    "Tuesday 05 Aug",
                    "Wednesday 06 Aug",
                    "Thursday 07 Aug",
                    "Friday 08 Aug",
                    "Saturday 09 Aug",
                    "Sunday 10 Aug"
                ]
            }
        },
        {
            "type": "Feature",
            "geometry": {
                "type": "Point",
                "coordinates": [
                    "-8.62277220584383",
                    "42.446470753545185"
                ]
            },
            "properties": {
                "name": "Urbana Monte Porreiro",
                "location": "Monte Porreiro, Mourente (Pontevedra)",
                "link": "https://www.gzmusica.com/axenda/eventdetail/28299/-/urbana-monte-porreiro.html",
                "dates": [
                    "Tuesday 05 Aug",
                    "Wednesday 06 Aug"
                ]
            }
        },
        {
            "type": "Feature",
            "geometry": {
                "type": "Point",
                "coordinates": [
                    "-8.912708610266941",
                    "43.09941347081731"
                ]
            },
            "properties": {
                "name": "40ª Festa da Carballeira",
                "location": "Zas",
                "link": "https://www.gzmusica.com/axenda/eventdetail/28071/-/40-festa-da-carballeira.html",
                "dates": [
                    "Friday 08 Aug",
                    "Saturday 09 Aug"
                ]
            }
        },
        {
            "type": "Feature",
            "geometry": {
                "type": "Point",
                "coordinates": [
                    "-9.05696968777321",
                    "42.77581754990834"
                ]
            },
            "properties": {
                "name": "XXI Castelo Rock",
                "location": "Muros",
                "link": "https://www.gzmusica.com/axenda/eventdetail/28123/-/xxi-castelo-rock.html",
                "dates": [
                    "Friday 08 Aug",
                    "Saturday 09 Aug"
                ]
            }
        },
        {
            "type": "Feature",
            "geometry": {
                "type": "Point",
                "coordinates": [
                    "-8.642774587381384",
                    "42.43208952587477"
                ]
            },
            "properties": {
                "name": "Aquí Cántase",
                "location": "Pontevedra",
                "link": "https://www.gzmusica.com/axenda/eventdetail/28275/-/aqui-cantase.html",
                "dates": [
                    "Friday 08 Aug"
                ]
            }
        },
        {
            "type": "Feature",
            "geometry": {
                "type": "Point",
                "coordinates": [
                    "-8.766600559196487",
                    "42.21980921303402"
                ]
            },
            "properties": {
                "name": "Cochambre",
                "location": "Alcabre (vigo)",
                "link": "https://www.gzmusica.com/axenda/eventdetail/28306/-/cochambre.html",
                "dates": [
                    "Friday 08 Aug"
                ]
            }
        },
        {
            "type": "Feature",
            "geometry": {
                "type": "Point",
                "coordinates": [
                    "-8.72372036982771",
                    "42.23874964834701"
                ]
            },
            "properties": {
                "name": "Txuvasko + Krime + Pangea",
                "location": "Vigo",
                "link": "https://www.gzmusica.com/axenda/eventdetail/28287/-/txuvasko-krime-pangea.html",
                "dates": [
                    "Friday 08 Aug"
                ]
            }
        },
        {
            "type": "Feature",
            "geometry": {
                "type": "Point",
                "coordinates": [
                    "-8.311167130329252",
                    "42.11309029100613"
                ]
            },
            "properties": {
                "name": "Arbo Rock",
                "location": "Arbo",
                "link": "https://www.gzmusica.com/axenda/eventdetail/28099/-/arbo-rock.html",
                "dates": [
                    "Saturday 09 Aug"
                ]
            }
        },
        {
            "type": "Feature",
            "geometry": {
                "type": "Point",
                "coordinates": [
                    "-8.644696705399447",
                    "42.134524575806616"
                ]
            },
            "properties": {
                "name": "Festas de Santo Paio",
                "location": "Pontellas (O Porriño)",
                "link": "https://www.gzmusica.com/axenda/eventdetail/28240/-/festas-de-santo-paio.html",
                "dates": [
                    "Saturday 09 Aug",
                    "Sunday 10 Aug",
                    "Monday 11 Aug"
                ]
            }
        },
        {
            "type": "Feature",
            "geometry": {
                "type": "Point",
                "coordinates": [
                    "-8.778216316167216",
                    "42.26492199664952"
                ]
            },
            "properties": {
                "name": "Satur-Day Fest",
                "location": "Cangas",
                "link": "https://www.gzmusica.com/axenda/eventdetail/27950/-/satur-day-fest.html",
                "dates": [
                    "Saturday 09 Aug"
                ]
            }
        },
        {
            "type": "Feature",
            "geometry": {
                "type": "Point",
                "coordinates": [
                    "-8.81548636380319",
                    "42.65082135020504"
                ]
            },
            "properties": {
                "name": "A Quenlla",
                "location": "Rianxo",
                "link": "https://www.gzmusica.com/axenda/eventdetail/28304/-/a-quenlla.html",
                "dates": [
                    "Saturday 09 Aug"
                ]
            }
        },
        {
            "type": "Feature",
            "geometry": {
                "type": "Point",
                "coordinates": [
                    "-8.231419243502984",
                    "43.48627582153275"
                ]
            },
            "properties": {
                "name": "Nachiños Fest",
                "location": "Ferrol",
                "link": "https://www.gzmusica.com/axenda/eventdetail/27824/-/nachinos-fest.html",
                "dates": [
                    "Thursday 14 Aug",
                    "Friday 15 Aug"
                ]
            }
        },
        {
            "type": "Feature",
            "geometry": {
                "type": "Point",
                "coordinates": [
                    "-8.174847965579731",
                    "43.48327615939841"
                ]
            },
            "properties": {
                "name": "IX Festival Jazz de Ría",
                "location": "Ría de Ferrol",
                "link": "https://www.gzmusica.com/axenda/eventdetail/28079/-/ix-festival-jazz-de-ria.html",
                "dates": [
                    "Friday 15 Aug"
                ]
            }
        },
        {
            "type": "Feature",
            "geometry": {
                "type": "Point",
                "coordinates": [
                    "-8.765962880896952",
                    "42.22017193589907"
                ]
            },
            "properties": {
                "name": "Sofía Espiñeira",
                "location": "Alcabre (vigo)",
                "link": "https://www.gzmusica.com/axenda/eventdetail/28308/-/sofia-espineira.html",
                "dates": [
                    "Friday 15 Aug"
                ]
            }
        }
    ]
}